<?xml version="1.0" encoding="UTF-8" standalone="yes"?>
<addon id="repository.amadeuswizard"
       name="Amadeus Wizard Repository"
       version="2.0.0"
       provider-name="Israel Kodi Community">
    
    <extension point="xbmc.addon.repository" name="Amadeus Wizard Repository">
        <dir>
            <info compressed="false">https://raw.githubusercontent.com/jacquelynnale/Amadeus/main/addons.xml</info>
            <checksum>https://raw.githubusercontent.com/jacquelynnale/Amadeus/main/addons.xml.md5</checksum>
            <datadir zip="true">https://raw.githubusercontent.com/jacquelynnale/Amadeus/main/zips</datadir>
        </dir>
    </extension>
    
    <extension point="xbmc.addon.metadata">
        <summary lang="en_GB">Amadeus Wizard Repository</summary>
        <description lang="en_GB">Official Amadeus Wizard repository. Contains the wizard and updates.</description>
        <platform>all</platform>
        <assets>
            <icon>icon.png</icon>
            <fanart>fanart.jpg</fanart>
        </assets>
    </extension>
</addon>

