<?xml version="1.0" encoding="UTF-8" standalone="yes"?>
<addon id="plugin.program.israelwizard"
       name="Israel Wizard"
       version="1.0.8"
       provider-name="Israel Kodi Community">
    
    <requires>
        <import addon="xbmc.python" version="3.0.0"/>
        <import addon="script.module.requests" version="2.25.0"/>
        <import addon="script.module.six" version="1.15.0"/>
    </requires>
    
    <extension point="xbmc.python.pluginsource" library="main.py">
        <provides>executable</provides>
    </extension>
    
    <extension point="xbmc.service" library="startup.py">
        <start>startup</start>
    </extension>
    
    <extension point="xbmc.addon.metadata">
        <summary lang="en_GB">Professional Israeli Kodi Wizard with Real Debrid Support</summary>
        <summary lang="he_IL">אשף התקנה ישראלי מקצועי לקודי עם תמיכה ב-Real Debrid</summary>
        
        <description lang="en_GB">
Israel Wizard - Professional Israeli Kodi 21 Omega Wizard

✨ Main Features:
• Automatic installation of all addons and repositories
• Full Real Debrid integration
• Support for Trakt, MDBList and Premiumize
• Full English/Hebrew interface
• Optimized for Firestick and Android TV
• Full backup and restore functionality

📺 Video Addons:
• POV - High quality streaming
• Otaku - Anime
• YouTube - Official
• Idan Plus - Israeli TV

🎬 Subtitles:
• All Subs Plus
• DarkSubs
• LocalSubtitle
        </description>
        
        <disclaimer lang="en_GB">This wizard is for legal use only. Please ensure you have rights to view content.</disclaimer>
        
        <platform>all</platform>
        <license>GPL-3.0-only</license>
        <website>https://github.com/jacquelynnale/kodirealdebridisraelwizard</website>
        <source>https://github.com/jacquelynnale/kodirealdebridisraelwizard</source>
        
        <assets>
            <icon>resources/icon.png</icon>
            <fanart>resources/fanart.jpg</fanart>
            <screenshot>resources/screenshot-01.jpg</screenshot>
            <screenshot>resources/screenshot-02.jpg</screenshot>
        </assets>
        
        <news>
v1.0.7 (2024-12-27)
- Switched default interface to English
- Fixed connection issues with raw GitHub URLs
- Added auto-start service
        </news>
    </extension>
</addon>
