<?xml version="1.0" encoding="UTF-8" standalone="yes"?>
<addon id="repository.israelwizard"
       name="Israel Wizard Repository"
       version="1.1.0"
       provider-name="Israel Kodi Community">
    
    <extension point="xbmc.addon.repository" name="Israel Wizard Repository">
        <dir>
            <info compressed="false">https://raw.githubusercontent.com/jacquelynnale/kodirealdebridisraelwizard/main/addons.xml</info>
            <checksum>https://raw.githubusercontent.com/jacquelynnale/kodirealdebridisraelwizard/main/addons.xml.md5</checksum>
            <datadir zip="true">https://raw.githubusercontent.com/jacquelynnale/kodirealdebridisraelwizard/main/zips</datadir>
        </dir>
    </extension>
    
    <extension point="xbmc.addon.metadata">
        <summary lang="en_GB">Israel Wizard Repository</summary>
        <description lang="en_GB">Official Israel Wizard repository. Contains the wizard and updates.</description>
        <platform>all</platform>
        <assets>
            <icon>icon.png</icon>
            <fanart>fanart.jpg</fanart>
        </assets>
    </extension>
</addon>

